{
  "fecha": "2026-01-16T11:59:30.440421",
  "procesos": {
    "M1": {
      "tiempos": [
        3.2258918285369873,
        2.5526132583618164
      ],
      "cpus": [
        0.0,
        0.0
      ],
      "rams": [
        80.0,
        4.0
      ],
      "estadisticas": {
        "tiempo": {
          "media": 2.889252543449402,
          "minimo": 2.5526132583618164,
          "maximo": 3.2258918285369873,
          "mediana": 2.889252543449402,
          "desviacion_estandar": 0.47607984259844616
        },
        "cpu": {
          "media": 0.0,
          "minimo": 0.0,
          "maximo": 0.0,
          "mediana": 0.0,
          "desviacion_estandar": 0.0
        },
        "ram": {
          "media": 42.0,
          "minimo": 4.0,
          "maximo": 80.0,
          "mediana": 42.0,
          "desviacion_estandar": 53.74011537017761
        }
      },
      "evaluaciones": {
        "tiempo": {
          "categoria": "Aceptable",
          "calificacion": 75,
          "resultado": "Usuario espera sin frustración"
        },
        "cpu": {
          "categoria": "Excelente",
          "calificacion": 100,
          "rango": "[0-0.5]%"
        },
        "ram": {
          "categoria": "Excelente",
          "calificacion": 100,
          "rango": "[0-150] MB"
        }
      },
      "errores": []
    },
    "M2": {
      "tiempos": [
        2.3188536167144775,
        3.8569955825805664
      ],
      "cpus": [
        0.0,
        0.0
      ],
      "rams": [
        1924.0,
        0.0
      ],
      "estadisticas": {
        "tiempo": {
          "media": 3.087924599647522,
          "minimo": 2.3188536167144775,
          "maximo": 3.8569955825805664,
          "mediana": 3.087924599647522,
          "desviacion_estandar": 1.0876306144915187
        },
        "cpu": {
          "media": 0.0,
          "minimo": 0.0,
          "maximo": 0.0,
          "mediana": 0.0,
          "desviacion_estandar": 0.0
        },
        "ram": {
          "media": 962.0,
          "minimo": 0.0,
          "maximo": 1924.0,
          "mediana": 962.0,
          "desviacion_estandar": 1360.4734470029175
        }
      },
      "evaluaciones": {
        "tiempo": {
          "categoria": "Deficiente",
          "calificacion": 50,
          "resultado": "Riesgo de perder interés"
        },
        "cpu": {
          "categoria": "Excelente",
          "calificacion": 100,
          "rango": "[0-0.5]%"
        },
        "ram": {
          "categoria": "Excelente",
          "calificacion": 100,
          "rango": "[0-150] MB"
        }
      },
      "errores": []
    },
    "M3": {
      "tiempos": [
        3.498055934906006,
        1.7894573211669922
      ],
      "cpus": [
        0.0,
        0.0
      ],
      "rams": [
        4.0,
        0.0
      ],
      "estadisticas": {
        "tiempo": {
          "media": 2.643756628036499,
          "minimo": 1.7894573211669922,
          "maximo": 3.498055934906006,
          "mediana": 2.643756628036499,
          "desviacion_estandar": 1.2081616661007912
        },
        "cpu": {
          "media": 0.0,
          "minimo": 0.0,
          "maximo": 0.0,
          "mediana": 0.0,
          "desviacion_estandar": 0.0
        },
        "ram": {
          "media": 2.0,
          "minimo": 0.0,
          "maximo": 4.0,
          "mediana": 2.0,
          "desviacion_estandar": 2.8284271247461903
        }
      },
      "evaluaciones": {
        "tiempo": {
          "categoria": "Aceptable",
          "calificacion": 75,
          "resultado": "Usuario espera sin frustración"
        },
        "cpu": {
          "categoria": "Excelente",
          "calificacion": 100,
          "rango": "[0-0.5]%"
        },
        "ram": {
          "categoria": "Excelente",
          "calificacion": 100,
          "rango": "[0-150] MB"
        }
      },
      "errores": []
    },
    "M4": {
      "tiempos": [
        0.027379512786865234,
        0.024750471115112305
      ],
      "cpus": [
        0.0,
        0.0
      ],
      "rams": [
        0.0,
        4.0
      ],
      "estadisticas": {
        "tiempo": {
          "media": 0.02606499195098877,
          "minimo": 0.024750471115112305,
          "maximo": 0.027379512786865234,
          "mediana": 0.02606499195098877,
          "desviacion_estandar": 0.0018590131941185139
        },
        "cpu": {
          "media": 0.0,
          "minimo": 0.0,
          "maximo": 0.0,
          "mediana": 0.0,
          "desviacion_estandar": 0.0
        },
        "ram": {
          "media": 2.0,
          "minimo": 0.0,
          "maximo": 4.0,
          "mediana": 2.0,
          "desviacion_estandar": 2.8284271247461903
        }
      },
      "evaluaciones": {
        "tiempo": {
          "categoria": "Excelente",
          "calificacion": 100,
          "resultado": "Interacción fluida"
        },
        "cpu": {
          "categoria": "Excelente",
          "calificacion": 100,
          "rango": "[0-0.5]%"
        },
        "ram": {
          "categoria": "Excelente",
          "calificacion": 100,
          "rango": "[0-150] MB"
        }
      },
      "errores": []
    },
    "M5": {
      "tiempos": [
        0.053353309631347656,
        0.03599882125854492
      ],
      "cpus": [
        0.0,
        0.0
      ],
      "rams": [
        208.0,
        128.0
      ],
      "estadisticas": {
        "tiempo": {
          "media": 0.04467606544494629,
          "minimo": 0.03599882125854492,
          "maximo": 0.053353309631347656,
          "mediana": 0.04467606544494629,
          "desviacion_estandar": 0.012271476412431906
        },
        "cpu": {
          "media": 0.0,
          "minimo": 0.0,
          "maximo": 0.0,
          "mediana": 0.0,
          "desviacion_estandar": 0.0
        },
        "ram": {
          "media": 168.0,
          "minimo": 128.0,
          "maximo": 208.0,
          "mediana": 168.0,
          "desviacion_estandar": 56.568542494923804
        }
      },
      "evaluaciones": {
        "tiempo": {
          "categoria": "Excelente",
          "calificacion": 100,
          "resultado": "Interacción fluida"
        },
        "cpu": {
          "categoria": "Excelente",
          "calificacion": 100,
          "rango": "[0-0.5]%"
        },
        "ram": {
          "categoria": "Excelente",
          "calificacion": 100,
          "rango": "[0-150] MB"
        }
      },
      "errores": []
    },
    "M6": {
      "tiempos": [
        0.0438387393951416,
        0.02392864227294922
      ],
      "cpus": [
        0.0,
        0.0
      ],
      "rams": [
        0.0,
        0.0
      ],
      "estadisticas": {
        "tiempo": {
          "media": 0.03388369083404541,
          "minimo": 0.02392864227294922,
          "maximo": 0.0438387393951416,
          "mediana": 0.03388369083404541,
          "desviacion_estandar": 0.014078564689184999
        },
        "cpu": {
          "media": 0.0,
          "minimo": 0.0,
          "maximo": 0.0,
          "mediana": 0.0,
          "desviacion_estandar": 0.0
        },
        "ram": {
          "media": 0.0,
          "minimo": 0.0,
          "maximo": 0.0,
          "mediana": 0.0,
          "desviacion_estandar": 0.0
        }
      },
      "evaluaciones": {
        "tiempo": {
          "categoria": "Excelente",
          "calificacion": 100,
          "resultado": "Interacción fluida"
        },
        "cpu": {
          "categoria": "Excelente",
          "calificacion": 100,
          "rango": "[0-0.5]%"
        },
        "ram": {
          "categoria": "Excelente",
          "calificacion": 100,
          "rango": "[0-150] MB"
        }
      },
      "errores": []
    },
    "M7": {
      "tiempos": [
        0.2575514316558838,
        0.07799696922302246
      ],
      "cpus": [
        5.9,
        16.6
      ],
      "rams": [
        84.0,
        28.0
      ],