{
  "fecha": "2026-01-16T11:27:32.151153",
  "procesos": {
    "M1": {
      "tiempos": [
        3.7938904762268066,
        2.9900426864624023
      ],
      "cpus": [
        0.0,
        0.0
      ],
      "rams": [
        72.0,
        4.0
      ],
      "estadisticas": {
        "tiempo": {
          "media": 3.3919665813446045,
          "minimo": 2.9900426864624023,
          "maximo": 3.7938904762268066,
          "mediana": 3.3919665813446045,
          "desviacion_estandar": 0.5684062231842285
        },
        "cpu": {
          "media": 0.0,
          "minimo": 0.0,
          "maximo": 0.0,
          "mediana": 0.0,
          "desviacion_estandar": 0.0
        },
        "ram": {
          "media": 38.0,
          "minimo": 4.0,
          "maximo": 72.0,
          "mediana": 38.0,
          "desviacion_estandar": 48.08326112068523
        }
      },
      "evaluaciones": {
        "tiempo": {
          "categoria": "Deficiente",
          "calificacion": 50,
          "resultado": "Riesgo de perder interés"
        },
        "cpu": {
          "categoria": "Excelente",
          "calificacion": 100,
          "rango": "[0-0.5]%"
        },
        "ram": {
          "categoria": "Excelente",
          "calificacion": 100,
          "rango": "[0-150] MB"
        }
      },
      "errores": []
    },
    "M2": {
      "tiempos": [
        2.9365530014038086,
        4.368349552154541
      ],
      "cpus": [
        0.0,
        0.0
      ],
      "rams": [
        1896.0,
        8.0
      ],
      "estadisticas": {
        "tiempo": {
          "media": 3.652451276779175,
          "minimo": 2.9365530014038086,
          "maximo": 4.368349552154541,
          "mediana": 3.652451276779175,
          "desviacion_estandar": 1.0124330503153516
        },
        "cpu": {
          "media": 0.0,
          "minimo": 0.0,
          "maximo": 0.0,
          "mediana": 0.0,
          "desviacion_estandar": 0.0
        },
        "ram": {
          "media": 952.0,
          "minimo": 8.0,
          "maximo": 1896.0,
          "mediana": 952.0,
          "desviacion_estandar": 1335.0176028802018
        }
      },
      "evaluaciones": {
        "tiempo": {
          "categoria": "Deficiente",
          "calificacion": 50,
          "resultado": "Riesgo de perder interés"
        },
        "cpu": {
          "categoria": "Excelente",
          "calificacion": 100,
          "rango": "[0-0.5]%"
        },
        "ram": {
          "categoria": "Excelente",
          "calificacion": 100,
          "rango": "[0-150] MB"
        }
      },
      "errores": []
    },
    "M3": {
      "tiempos": [
        3.256500482559204,
        2.523226022720337
      ],
      "cpus": [
        0.0,
        0.0
      ],
      "rams": [
        4.0,
        0.0
      ],
      "estadisticas": {
        "tiempo": {
          "media": 2.8898632526397705,
          "minimo": 2.523226022720337,
          "maximo": 3.256500482559204,
          "mediana": 2.8898632526397705,
          "desviacion_estandar": 0.5185033430229657
        },
        "cpu": {
          "media": 0.0,
          "minimo": 0.0,
          "maximo": 0.0,
          "mediana": 0.0,
          "desviacion_estandar": 0.0
        },
        "ram": {
          "media": 2.0,
          "minimo": 0.0,
          "maximo": 4.0,
          "mediana": 2.0,
          "desviacion_estandar": 2.8284271247461903
        }
      },
      "evaluaciones": {
        "tiempo": {
          "categoria": "Aceptable",
          "calificacion": 75,
          "resultado": "Usuario espera sin frustración"
        },
        "cpu": {
          "categoria": "Excelente",
          "calificacion": 100,
          "rango": "[0-0.5]%"
        },
        "ram": {
          "categoria": "Excelente",
          "calificacion": 100,
          "rango": "[0-150] MB"
        }
      },
      "errores": []
    },
    "M4": {
      "tiempos": [
        0.0480043888092041,
        0.02400040626525879
      ],
      "cpus": [
        0.0,
        0.0
      ],
      "rams": [
        4.0,
        0.0
      ],
      "estadisticas": {
        "tiempo": {
          "media": 0.036002397537231445,
          "minimo": 0.02400040626525879,
          "maximo": 0.0480043888092041,
          "mediana": 0.036002397537231445,
          "desviacion_estandar": 0.016973378832307245
        },
        "cpu": {
          "media": 0.0,
          "minimo": 0.0,
          "maximo": 0.0,
          "mediana": 0.0,
          "desviacion_estandar": 0.0
        },
        "ram": {
          "media": 2.0,
          "minimo": 0.0,
          "maximo": 4.0,
          "mediana": 2.0,
          "desviacion_estandar": 2.8284271247461903
        }
      },
      "evaluaciones": {
        "tiempo": {
          "categoria": "Excelente",
          "calificacion": 100,
          "resultado": "Interacción fluida"
        },
        "cpu": {
          "categoria": "Excelente",
          "calificacion": 100,
          "rango": "[0-0.5]%"
        },
        "ram": {
          "categoria": "Excelente",
          "calificacion": 100,
          "rango": "[0-150] MB"
        }
      },
      "errores": []
    },
    "M5": {
      "tiempos": [
        0.056591033935546875,
        0.02880239486694336
      ],
      "cpus": [
        0.0,
        0.0
      ],
      "rams": [
        340.0,
        252.0
      ],
      "estadisticas": {
        "tiempo": {
          "media": 0.04269671440124512,
          "minimo": 0.02880239486694336,
          "maximo": 0.056591033935546875,
          "mediana": 0.04269671440124512,
          "desviacion_estandar": 0.019649535125354972
        },
        "cpu": {
          "media": 0.0,
          "minimo": 0.0,
          "maximo": 0.0,
          "mediana": 0.0,
          "desviacion_estandar": 0.0
        },
        "ram": {
          "media": 296.0,
          "minimo": 252.0,
          "maximo": 340.0,
          "mediana": 296.0,
          "desviacion_estandar": 62.22539674441618
        }
      },
      "evaluaciones": {
        "tiempo": {
          "categoria": "Excelente",
          "calificacion": 100,
          "resultado": "Interacción fluida"
        },
        "cpu": {
          "categoria": "Excelente",
          "calificacion": 100,
          "rango": "[0-0.5]%"
        },
        "ram": {
          "categoria": "Excelente",
          "calificacion": 100,
          "rango": "[0-150] MB"
        }
      },
      "errores": []
    },
    "M6": {
      "tiempos": [
        0.019145488739013672,
        0.026129722595214844
      ],
      "cpus": [
        0.0,
        0.0
      ],
      "rams": [
        20.0,
        4.0
      ],
      "estadisticas": {
        "tiempo": {
          "media": 0.022637605667114258,
          "minimo": 0.019145488739013672,
          "maximo": 0.026129722595214844,
          "mediana": 0.022637605667114258,
          "desviacion_estandar": 0.004938599121112519
        },
        "cpu": {
          "media": 0.0,
          "minimo": 0.0,
          "maximo": 0.0,
          "mediana": 0.0,
          "desviacion_estandar": 0.0
        },
        "ram": {
          "media": 12.0,
          "minimo": 4.0,
          "maximo": 20.0,
          "mediana": 12.0,
          "desviacion_estandar": 11.313708498984761
        }
      },
      "evaluaciones": {
        "tiempo": {
          "categoria": "Excelente",
          "calificacion": 100,
          "resultado": "Interacción fluida"
        },
        "cpu": {
          "categoria": "Excelente",
          "calificacion": 100,
          "rango": "[0-0.5]%"
        },
        "ram": {
          "categoria": "Excelente",
          "calificacion": 100,
          "rango": "[0-150] MB"
        }
      },
      "errores": []
    },