{
  "total_embeddings": 215,
  "dimensiones_originales": 1536,
  "dimensiones_reducidas": 2,
  "estadisticas_vectores": {
    "media": 0.0002626169007271528,
    "std": 0.025514166802167892,
    "min": -0.17209632694721222,
    "max": 0.11532382667064667
  },
  "estadisticas_coordenadas_2d": {
    "x_mean": -0.5451017618179321,
    "x_std": 10.36665153503418,
    "y_mean": 0.7631932497024536,
    "y_std": 8.585638046264648
  },
  "clusters": {
    "numero_clusters": 9,
    "distribucion": {
      "0": 23,
      "1": 19,
      "2": 22,
      "3": 40,
      "4": 27,
      "5": 21,
      "6": 30,
      "7": 24,
      "8": 9
    }
  },
  "distancias": {
    "media": 17.178242539494534,
    "std": 8.304366607591096,
    "min": 0.051152489280996624,
    "max": 44.31338825090149
  }
}